{
    "silhouette_score": 0.5116526894684985,
    "n_clusters": 3,
    "total_articles": 416,
    "cluster_info": {
        "0": {
            "size": 142,
            "coherence_score": 0.10380952380952382,
            "topics_count": 22
        },
        "1": {
            "size": 21,
            "coherence_score": 0.5,
            "topics_count": 3
        },
        "2": {
            "size": 253,
            "coherence_score": 0.09714285714285714,
            "topics_count": 36
        }
    },
    "coherence_score": 0.23365079365079366
}